Rank,Name,Points
1,Jasper,0.38461538461538464
2,Bram,0.08571428571428572
3,Eva,0.06818181818181818
4,Tom,0.0
